{
  "interactionModel": {
    "languageModel": {
      "invocationName": "daily quiz",
      "intents": [
        {
          "name": "AMAZON.CancelIntent",
          "samples": []
        },
        {
          "name": "AMAZON.HelpIntent",
          "samples": []
        },
        {
          "name": "AMAZON.StopIntent",
          "samples": []
        },
        {
          "name": "AMAZON.NavigateHomeIntent",
          "samples": []
        },
        {
          "name": "AnwserIntent",
          "slots": [
            {
              "name": "input",
              "type": "input"
            }
          ],
          "samples": [
            "antwort {input}",
            "ich glaube es ist {input}",
            "die richtige antwort ist {input}",
            "es ist {input}",
            "die antwort ist {input}",
            "{input}"
          ]
        },
        {
          "name": "AMAZON.YesIntent",
          "samples": []
        },
        {
          "name": "AMAZON.NoIntent",
          "samples": []
        },
        {
          "name": "StatIntent",
          "slots": [],
          "samples": [
            "statistik",
            "was sind meine statistiken",
            "statistiken",
            "zeig mir meine statistiken"
          ]
        },
        {
          "name": "StartIntent",
          "slots": [],
          "samples": [
            "starten",
            "start",
            "los"
          ]
        },
        {
          "name": "DiffIntent",
          "slots": [
            {
              "name": "diff",
              "type": "diff"
            }
          ],
          "samples": [
            "{diff}"
          ]
        },
        {
          "name": "WiederholungIntent",
          "slots": [],
          "samples": [
            "wie lautet die frage nochmal",
            "wiederholung",
            "wiederhole die frage"
          ]
        }
      ],
      "types": [
        {
          "values": [
            {
              "name": {
                "value": "d."
              }
            },
            {
              "name": {
                "value": "c."
              }
            },
            {
              "name": {
                "value": "b."
              }
            },
            {
              "name": {
                "value": "a."
              }
            },
            {
              "name": {
                "value": "d"
              }
            },
            {
              "name": {
                "value": "c"
              }
            },
            {
              "name": {
                "value": "b"
              }
            },
            {
              "name": {
                "value": "a"
              }
            }
          ],
          "name": "input"
        },
        {
          "values": [
            {
              "name": {
                "value": "schwer"
              }
            },
            {
              "name": {
                "value": "mittel"
              }
            },
            {
              "name": {
                "value": "einfach"
              }
            }
          ],
          "name": "diff"
        }
      ]
    }
  },
  "version": "10"
}