{
  "interactionModel": {
    "languageModel": {
      "invocationName": "daily quiz",
      "intents": [
        {
          "name": "AMAZON.CancelIntent",
          "samples": []
        },
        {
          "name": "AMAZON.HelpIntent",
          "samples": []
        },
        {
          "name": "AMAZON.StopIntent",
          "samples": []
        },
        {
          "name": "HelloWorldIntent",
          "slots": [],
          "samples": [
            "hello",
            "how are you",
            "say hi world",
            "say hi",
            "hi",
            "say hello world",
            "say hello"
          ]
        },
        {
          "name": "AMAZON.NavigateHomeIntent",
          "samples": []
        },
        {
          "name": "AnwserIntent",
          "slots": [
            {
              "name": "input",
              "type": "input"
            }
          ],
          "samples": [
            "ich glaube es ist {input}",
            "die richtige antwort ist {input}",
            "es ist {input}",
            "die antwort ist {input}",
            "{input}"
          ]
        },
        {
          "name": "AMAZON.YesIntent",
          "samples": []
        },
        {
          "name": "AMAZON.NoIntent",
          "samples": []
        },
        {
          "name": "StatIntent",
          "slots": [],
          "samples": [
            "was sind meine statistiken",
            "statistiken",
            "zeig mir meine statistiken"
          ]
        },
        {
          "name": "StartIntent",
          "slots": [],
          "samples": [
            "los",
            "go"
          ]
        }
      ],
      "types": [
        {
          "values": [
            {
              "name": {
                "value": "d"
              }
            },
            {
              "name": {
                "value": "c"
              }
            },
            {
              "name": {
                "value": "b"
              }
            },
            {
              "name": {
                "value": "a"
              }
            }
          ],
          "name": "input"
        }
      ]
    }
  },
  "version": "5"
}