{
  "manifest": {
    "apis": {
      "custom": {
        "endpoint": {
          "uri": "arn:aws:lambda:us-east-1:913027175495:function:70deb876-8d97-43e3-ad4a-8d02223a7f6a:Release_0"
        },
        "interfaces": [],
        "regions": {
          "NA": {
            "endpoint": {
              "uri": "arn:aws:lambda:us-east-1:913027175495:function:70deb876-8d97-43e3-ad4a-8d02223a7f6a:Release_0"
            }
          },
          "EU": {
            "endpoint": {
              "uri": "arn:aws:lambda:eu-west-1:913027175495:function:70deb876-8d97-43e3-ad4a-8d02223a7f6a:Release_0"
            }
          },
          "FE": {
            "endpoint": {
              "uri": "arn:aws:lambda:us-west-2:913027175495:function:70deb876-8d97-43e3-ad4a-8d02223a7f6a:Release_0"
            }
          }
        }
      }
    },
    "manifestVersion": "1.0",
    "publishingInformation": {
      "category": "EDUCATION_AND_REFERENCE",
      "distributionCountries": [],
      "isAvailableWorldwide": true,
      "locales": {
        "en-US": {
          "description": "Guess a number, and Alexa will tell you if you need to guess higher or lower. She will also tell you how many times you have played.",
          "examplePhrases": [
            "Alexa open high low game",
            "Alexa start high low game",
            "Alexa ask high low game is it {number}"
          ],
          "name": "Akinator 4",
          "summary": "Guess a number, and Alexa will tell you if you need to guess higher or lower."
        }
      },
      "testingInstructions": "Sample Testing Instructions."
    }
  }
}