{
  "interactionModel": {
    "languageModel": {
      "invocationName": "uhrzeit manager",
      "intents": [
        {
          "name": "AMAZON.CancelIntent",
          "samples": []
        },
        {
          "name": "AMAZON.HelpIntent",
          "samples": []
        },
        {
          "name": "AMAZON.StopIntent",
          "samples": []
        },
        {
          "name": "HelloWorldIntent",
          "slots": [],
          "samples": [
            "hello",
            "how are you",
            "say hi world",
            "say hi",
            "hi",
            "say hello world",
            "say hello"
          ]
        },
        {
          "name": "AMAZON.NavigateHomeIntent",
          "samples": []
        },
        {
          "name": "Time",
          "slots": [],
          "samples": [
            "kannst du mir die uhrzeit sagen",
            "wieviel uhr",
            "die uhrzeit bitte",
            "wie viel uhr ist es",
            "sage mir die uhrzeit"
          ]
        },
        {
          "name": "Day",
          "slots": [],
          "samples": [
            "was haben wir heute für einen tag",
            "was ist heute für ein tag",
            "welcher tag",
            "welchen tag haben wir",
            "sage mir das datum"
          ]
        },
        {
          "name": "Month",
          "slots": [],
          "samples": [
            "sage mir den monat",
            "den aktuellen monat bitte",
            "was für ein monat ist es",
            "was ist der derzeitige monat",
            "welchen monat haben wir"
          ]
        }
      ],
      "types": []
    }
  },
  "version": "2"
}