{
  "interactionModel": {
    "languageModel": {
      "invocationName": "was studiere ich",
      "intents": [
        {
          "name": "AMAZON.CancelIntent",
          "samples": []
        },
        {
          "name": "AMAZON.HelpIntent",
          "samples": []
        },
        {
          "name": "AMAZON.StopIntent",
          "samples": []
        },
        {
          "name": "AMAZON.YesIntent",
          "samples": []
        },
        {
          "name": "AMAZON.FallbackIntent",
          "samples": []
        },
        {
          "name": "AMAZON.NoIntent",
          "samples": []
        },
        {
          "name": "NumberGuessIntent",
          "slots": [
            {
              "name": "number",
              "type": "AMAZON.NUMBER"
            }
          ],
          "samples": [
            "{number}",
            "is it {number}",
            "how about {number}",
            "could be {number}"
          ]
        },
        {
          "name": "AMAZON.NavigateHomeIntent",
          "samples": []
        },
        {
          "name": "English",
          "slots": [],
          "samples": [
            "englischer Studiengang",
            "ich studiere auf englisch",
            "auf englisch",
            "auf english",
            "english"
          ]
        },
        {
          "name": "Berufbegleitend",
          "slots": [],
          "samples": [
            "ich studiere berufbegleitend",
            "beruflich",
            "Berufbegleitend"
          ]
        },
        {
          "name": "Lehramt",
          "slots": [],
          "samples": [
            "ich werde lehrer",
            "Lehramt",
            "im Lehramt"
          ]
        },
        {
          "name": "Psychologie",
          "slots": [],
          "samples": [
            "psychologen",
            "psychater",
            "statistik",
            "psychologie"
          ]
        },
        {
          "name": "Elektrotechnik",
          "slots": [],
          "samples": [
            "hardware",
            "software",
            "elektronik",
            "Elektrotechnik"
          ]
        },
        {
          "name": "Informationstechnik",
          "slots": [],
          "samples": [
            "in elektronische geräte",
            "entwicklung elektronischer Geräte",
            "Produktion elektronischer Geräte",
            "technik",
            "Informationstechnik",
            "elektronische Geräte"
          ]
        },
        {
          "name": "Programmieren",
          "slots": [],
          "samples": [
            "programmieren"
          ]
        },
        {
          "name": "Bachelor",
          "slots": [],
          "samples": [
            "erststudium",
            "im Bachelor",
            "Bachelor"
          ]
        },
        {
          "name": "Master",
          "slots": [],
          "samples": [
            "ich mache einen Master",
            "Master",
            "im Master"
          ]
        },
        {
          "name": "Communication",
          "slots": [],
          "samples": [
            "ich interessiere mich für Kommunication",
            "in der kommunikation",
            "kommunikation",
            "in der communication",
            "in communication",
            "Communication"
          ]
        },
        {
          "name": "PsychoTechnik",
          "slots": [],
          "samples": [
            "Psychologie technik mix"
          ]
        },
        {
          "name": "Ja",
          "slots": [],
          "samples": [
            "yup",
            "ja ja ",
            "ja ich liebe medien",
            "ja sehr",
            "ja genau",
            "ja"
          ]
        },
        {
          "name": "Nein",
          "slots": [],
          "samples": [
            "nope",
            "nee",
            "nö",
            "nein überhaupt nicht",
            "nein garnicht",
            "nein"
          ]
        }
      ],
      "types": []
    }
  },
  "version": "10"
}